{
    "pile": {
        "ce_loss": 2.1703984313947497,
        "perplexity": 8.76177431133732,
        "n_tokens": 900864
    },
    "alpaca": {
        "ce_loss": 1.789114292721057,
        "perplexity": 5.984149913338314,
        "n_tokens": 267216
    },
    "alpaca_custom_completions": {
        "ce_loss": 0.21857944099735724,
        "perplexity": 1.244307861758494,
        "n_tokens": 34812
    }
}